[
	{
		"S. N.": "1",
		"Photo": "",
		"Name": "Mr. Nawaraj Gelal",
		"Organization": "",
		"Post": "Chairperson",
		"Address": "Bhaktapur",
		"Phone no.": "9851190724",
		"Email": " 6614826"
	},
	{
		"S. N.": "2",
		"Photo": "",
		"Name": "MS. Sarita Kunwar",
		"Organization": "",
		"Post": "Vice-chairperson",
		"Address": "Bhaktapur",
		"Phone no.": "9803746106",
		"Email": " 6610364"
	},
	{
		"S. N.": "3",
		"Photo": "",
		"Name": "Mr. Shom Mishra",
		"Organization": "",
		"Post": "Mayor",
		"Address": "Changunarayan",
		"Phone no.": "9751001744",
		"Email": ""
	},
	{
		"S. N.": "4",
		"Photo": "",
		"Name": "Ms. Bina Bastola",
		"Organization": "",
		"Post": "Deputy Mayor",
		"Address": "Changunarayan",
		"Phone no.": "9841590313",
		"Email": ""
	},
	{
		"S. N.": "5",
		"Photo": "",
		"Name": "Mr. Rajesh Khadka",
		"Organization": "",
		"Post": "Ward Chairperson",
		"Address": "Changunarayan 1 ",
		"Phone no.": "9851054332",
		"Email": ""
	},
	{
		"S. N.": "6",
		"Photo": "",
		"Name": "Mr. Shivhari KC",
		"Organization": "",
		"Post": "Ward Chairperson",
		"Address": "Changunarayan 2 ",
		"Phone no.": "9851218757",
		"Email": ""
	},
	{
		"S. N.": "7",
		"Photo": "",
		"Name": "Mr. Shyamsundar Dhimal",
		"Organization": "",
		"Post": "Ward Chairperson",
		"Address": "Changunarayan 3 ",
		"Phone no.": "9741087544",
		"Email": ""
	},
	{
		"S. N.": "8",
		"Photo": "",
		"Name": "Mr. Buddhilal Maharjan",
		"Organization": "",
		"Post": "Ward Chairperson",
		"Address": "Changunarayan 4 ",
		"Phone no.": "9841692325",
		"Email": ""
	},
	{
		"S. N.": "9",
		"Photo": "",
		"Name": "Mr. Jayandra Khadka",
		"Organization": "",
		"Post": "Ward Chairperson",
		"Address": "Changunarayan 5 ",
		"Phone no.": "9860025471",
		"Email": ""
	},
	{
		"S. N.": "10",
		"Photo": "",
		"Name": "Mr. Shant B. Waiwa",
		"Organization": "",
		"Post": "Ward Chairperson",
		"Address": "Changunarayan 6 ",
		"Phone no.": "9841271607",
		"Email": ""
	},
	{
		"S. N.": "11",
		"Photo": "",
		"Name": "Mr. Gyaan B. KC",
		"Organization": "",
		"Post": "Ward Chairperson",
		"Address": "Changunarayan 7 ",
		"Phone no.": "9841788376",
		"Email": ""
	},
	{
		"S. N.": "12",
		"Photo": "",
		"Name": "Mr. Parasar Sapkota",
		"Organization": "",
		"Post": "Ward Chairperson",
		"Address": "Changunarayan 8 ",
		"Phone no.": "9851036476",
		"Email": ""
	},
	{
		"S. N.": "13",
		"Photo": "",
		"Name": "Mr. Ganesh Tyat",
		"Organization": "",
		"Post": "Ward Chairperson",
		"Address": "Changunarayan 9 ",
		"Phone no.": "9851078002",
		"Email": ""
	}
]