[
	{
		"S.N. ": "1",
		"Photo": "",
		"Name": "Mr. Dhurba Prasad Koirala",
		"Organization": "",
		"Post": "LDO",
		"Address": "DCC",
		"Phone no.": "9851184826",
		"Email": ""
	},
	{
		"S.N. ": "2",
		"Photo": "",
		"Name": "Mr. Loknath Bhusal",
		"Organization": "",
		"Post": "Chief Executive Officer",
		"Address": "Changunarayan Municipality",
		"Phone no.": "9851191068",
		"Email": ""
	},
	{
		"S.N. ": "3",
		"Photo": "",
		"Name": "Mr. Dipesh Thapa",
		"Organization": "",
		"Post": "Ward secretary",
		"Address": "Changunarayan 1 ",
		"Phone no.": " Duwakot",
		"Email": "9841393771"
	},
	{
		"S.N. ": "4",
		"Photo": "",
		"Name": "Mr. Rakesh Basukala",
		"Organization": "",
		"Post": "Ward secretary",
		"Address": "Changunarayan 2 ",
		"Phone no.": " Duwakot",
		"Email": "9851048489"
	},
	{
		"S.N. ": "5",
		"Photo": "",
		"Name": "Mr. Puspram Libi",
		"Organization": "",
		"Post": "Ward secretary",
		"Address": "Changunarayan 3 Jhoukhel",
		"Phone no.": "9841393990",
		"Email": ""
	},
	{
		"S.N. ": "6",
		"Photo": "",
		"Name": "Mr. Shankar KC",
		"Organization": "",
		"Post": "Ward secretary",
		"Address": "Changunarayan 4 Changu ",
		"Phone no.": "9841208670",
		"Email": ""
	},
	{
		"S.N. ": "7",
		"Photo": "",
		"Name": "Mr. Narayan Lamichhane",
		"Organization": "",
		"Post": "Ward secretary",
		"Address": "Changunarayan 5 Chhaling",
		"Phone no.": "9841725492",
		"Email": ""
	},
	{
		"S.N. ": "8",
		"Photo": "",
		"Name": "Mr. Madhav Subedi",
		"Organization": "",
		"Post": "Ward secretary",
		"Address": "Changunarayan 6 Nagarkot",
		"Phone no.": "9841249993",
		"Email": ""
	},
	{
		"S.N. ": "9",
		"Photo": "",
		"Name": "Mr. Prem Tulasi",
		"Organization": "",
		"Post": "Ward secretary",
		"Address": "Changunarayan 7 Bageshwori",
		"Phone no.": "9841299358",
		"Email": ""
	},
	{
		"S.N. ": "10",
		"Photo": "",
		"Name": "Mr. Rajkumar Giri",
		"Organization": "",
		"Post": "Ward secretary",
		"Address": "Changunarayan 8 Sudal",
		"Phone no.": "9841249993",
		"Email": ""
	},
	{
		"S.N. ": "11",
		"Photo": "",
		"Name": "Mr. Rajendra Ganesh",
		"Organization": "",
		"Post": "Ward secretary",
		"Address": "Changunarayan 9 Tathali",
		"Phone no.": "9841279066",
		"Email": ""
	}
]