[
	{
		"S.N.": "1",
		"Photo": "",
		"Name": "Rajesh Khadka",
		"Organization": "Nepal Local Government",
		"Post": "Ward Chairperson",
		"Address": "Ward no. 1 ",
		"Phone no.": "9851054332",
		"Email": ""
	},
	{
		"S.N.": "2",
		"Photo": "",
		"Name": "Sachina Khadka",
		"Organization": "Nepal Local Government",
		"Post": "Women Member",
		"Address": "Ward no. 1 ",
		"Phone no.": "9841148428",
		"Email": ""
	},
	{
		"S.N.": "3",
		"Photo": "",
		"Name": "Lilimaya Darji",
		"Organization": "Nepal Local Government",
		"Post": "Dalit Women Member",
		"Address": "Ward no. 1 ",
		"Phone no.": "9803684271",
		"Email": ""
	},
	{
		"S.N.": "4",
		"Photo": "",
		"Name": "Ganesh B. Shrestha",
		"Organization": "Nepal Local Government",
		"Post": "Member",
		"Address": "Ward no. 1 ",
		"Phone no.": "",
		"Email": ""
	},
	{
		"S.N.": "5",
		"Photo": "",
		"Name": "Uddhav Khadka",
		"Organization": "Nepal Local Government",
		"Post": "Member",
		"Address": "Ward no. 1 ",
		"Phone no.": "9841368575",
		"Email": ""
	},
	{
		"S.N.": "6",
		"Photo": "",
		"Name": "Shivhari KC",
		"Organization": "Nepal Local Government",
		"Post": "Ward Chairperson",
		"Address": "Ward no. 2",
		"Phone no.": "9851218757",
		"Email": ""
	},
	{
		"S.N.": "7",
		"Photo": "",
		"Name": "Kalpana Devi Suwal",
		"Organization": "Nepal Local Government",
		"Post": "Women Member",
		"Address": "Ward no. 2",
		"Phone no.": "9841130754",
		"Email": ""
	},
	{
		"S.N.": "8",
		"Photo": "",
		"Name": "Rekha Dulal Achhami",
		"Organization": "Nepal Local Government",
		"Post": "Dalit Women Member",
		"Address": "Ward no. 2",
		"Phone no.": "9849296613",
		"Email": ""
	},
	{
		"S.N.": "9",
		"Photo": "",
		"Name": "Som Prasad Pradhan",
		"Organization": "Nepal Local Government",
		"Post": "Member",
		"Address": "Ward no. 2",
		"Phone no.": "9851094430",
		"Email": ""
	},
	{
		"S.N.": "10",
		"Photo": "",
		"Name": "Mohan Kumar Poudel",
		"Organization": "Nepal Local Government",
		"Post": "Member",
		"Address": "Ward no. 2",
		"Phone no.": "9843054370",
		"Email": ""
	},
	{
		"S.N.": "11",
		"Photo": "",
		"Name": "Shyamsundar Dhimal",
		"Organization": "Nepal Local Government",
		"Post": "Ward Chairperson",
		"Address": "Ward no. 3",
		"Phone no.": "9741087544",
		"Email": ""
	},
	{
		"S.N.": "12",
		"Photo": "",
		"Name": "Rama Thapa",
		"Organization": "Nepal Local Government",
		"Post": "Women Member",
		"Address": "Ward no. 3",
		"Phone no.": "984198723",
		"Email": ""
	},
	{
		"S.N.": "13",
		"Photo": "",
		"Name": "Susma Sunuwar",
		"Organization": "Nepal Local Government",
		"Post": "Dalit Women Member",
		"Address": "Ward no. 3",
		"Phone no.": "9823156413",
		"Email": ""
	},
	{
		"S.N.": "14",
		"Photo": "",
		"Name": "Prem B. Bakhu",
		"Organization": "Nepal Local Government",
		"Post": "Member",
		"Address": "Ward no. 3",
		"Phone no.": "9841560350",
		"Email": ""
	},
	{
		"S.N.": "15",
		"Photo": "",
		"Name": "Buddhilal Maharjan",
		"Organization": "Nepal Local Government",
		"Post": "Ward Chairperson",
		"Address": "Ward no. 4",
		"Phone no.": "9841692325",
		"Email": ""
	},
	{
		"S.N.": "16",
		"Photo": "",
		"Name": "Sapana Tamang",
		"Organization": "Nepal Local Government",
		"Post": "Women Member",
		"Address": "Ward no. 4",
		"Phone no.": "9860171221",
		"Email": ""
	},
	{
		"S.N.": "17",
		"Photo": "",
		"Name": "Ram Maya Mijar",
		"Organization": "Nepal Local Government",
		"Post": "Dalit Women Member",
		"Address": "Ward no. 4",
		"Phone no.": "9849173106",
		"Email": ""
	},
	{
		"S.N.": "18",
		"Photo": "",
		"Name": "Roj B. Tamang",
		"Organization": "Nepal Local Government",
		"Post": "Member",
		"Address": "Ward no. 4",
		"Phone no.": "9818464458",
		"Email": ""
	},
	{
		"S.N.": "19",
		"Photo": "",
		"Name": "Dinesh Khanal",
		"Organization": "Nepal Local Government",
		"Post": "Member",
		"Address": "Ward no. 4",
		"Phone no.": "9851185969",
		"Email": ""
	},
	{
		"S.N.": "20",
		"Photo": "",
		"Name": "Jayandra Khadka",
		"Organization": "Nepal Local Government",
		"Post": "Ward Chairperson",
		"Address": "Ward no. 5",
		"Phone no.": "9841025471",
		"Email": ""
	},
	{
		"S.N.": "21",
		"Photo": "",
		"Name": "Radha Khadka Bata",
		"Organization": "Nepal Local Government",
		"Post": "Women Member",
		"Address": "Ward no. 5",
		"Phone no.": "9849544421",
		"Email": ""
	},
	{
		"S.N.": "22",
		"Photo": "",
		"Name": "Ram Kumari BK",
		"Organization": "Nepal Local Government",
		"Post": "Dalit Women Member",
		"Address": "Ward no. 5",
		"Phone no.": "",
		"Email": ""
	},
	{
		"S.N.": "23",
		"Photo": "",
		"Name": "Raji Giri",
		"Organization": "Nepal Local Government",
		"Post": "Member",
		"Address": "Ward no. 5",
		"Phone no.": "9841334226",
		"Email": ""
	},
	{
		"S.N.": "24",
		"Photo": "",
		"Name": "Roshan Khatri",
		"Organization": "Nepal Local Government",
		"Post": "Member",
		"Address": "Ward no. 5",
		"Phone no.": "9823309197",
		"Email": ""
	},
	{
		"S.N.": "25",
		"Photo": "",
		"Name": "Sante Waaiwa",
		"Organization": "Nepal Local Government",
		"Post": "Ward Chairperson",
		"Address": "Ward no. 6",
		"Phone no.": "9841271607",
		"Email": ""
	},
	{
		"S.N.": "26",
		"Photo": "",
		"Name": "Indra Maya Tamang",
		"Organization": "Nepal Local Government",
		"Post": "Women Member",
		"Address": "Ward no. 6",
		"Phone no.": "9818327521",
		"Email": ""
	},
	{
		"S.N.": "27",
		"Photo": "",
		"Name": "Anju Wishwakarma",
		"Organization": "Nepal Local Government",
		"Post": "Dalit Women Member",
		"Address": "Ward no. 6",
		"Phone no.": "9851196059",
		"Email": ""
	},
	{
		"S.N.": "28",
		"Photo": "",
		"Name": "Dhan B. Lama Syaanbo",
		"Organization": "Nepal Local Government",
		"Post": "Member",
		"Address": "Ward no. 6",
		"Phone no.": "9849406909",
		"Email": ""
	},
	{
		"S.N.": "29",
		"Photo": "",
		"Name": "Sujendra Munkarmi",
		"Organization": "Nepal Local Government",
		"Post": "Member",
		"Address": "Ward no. 6",
		"Phone no.": "9841849139",
		"Email": ""
	},
	{
		"S.N.": "30",
		"Photo": "",
		"Name": "Gyaan B. KC",
		"Organization": "Nepal Local Government",
		"Post": "Ward Chairperson",
		"Address": "Ward no. 7 ",
		"Phone no.": "9841788376",
		"Email": ""
	},
	{
		"S.N.": "31",
		"Photo": "",
		"Name": "Durga Thapa Lamichhane ",
		"Organization": "Nepal Local Government",
		"Post": " Women Member",
		"Address": "Ward no. 7 ",
		"Phone no.": "9841104063",
		"Email": ""
	},
	{
		"S.N.": "32",
		"Photo": "",
		"Name": "Manita Nepali",
		"Organization": "Nepal Local Government",
		"Post": "Dalit Women Member",
		"Address": "Ward no. 7 ",
		"Phone no.": "9803464337",
		"Email": ""
	},
	{
		"S.N.": "33",
		"Photo": "",
		"Name": "Ramesh Lama",
		"Organization": "Nepal Local Government",
		"Post": " Member",
		"Address": "Ward no. 7 ",
		"Phone no.": "9849177318",
		"Email": ""
	},
	{
		"S.N.": "34",
		"Photo": "",
		"Name": "Sabuddha Shrestha",
		"Organization": "Nepal Local Government",
		"Post": " Member",
		"Address": "Ward no. 7 ",
		"Phone no.": "9851047437",
		"Email": ""
	},
	{
		"S.N.": "35",
		"Photo": "",
		"Name": "Parasar Sapkota",
		"Organization": "Nepal Local Government",
		"Post": "Ward Chairperson",
		"Address": "Ward no. 8",
		"Phone no.": "9851036476",
		"Email": ""
	},
	{
		"S.N.": "36",
		"Photo": "",
		"Name": "Krishna Pyaari Thapa",
		"Organization": "Nepal Local Government",
		"Post": "Women Member",
		"Address": "Ward no. 8",
		"Phone no.": "9860117920",
		"Email": ""
	},
	{
		"S.N.": "37",
		"Photo": "",
		"Name": "Bagawati Pariyar ",
		"Organization": "Nepal Local Government",
		"Post": "Dalit Women Member",
		"Address": "Ward no. 8",
		"Phone no.": "9849989608",
		"Email": ""
	},
	{
		"S.N.": "38",
		"Photo": "",
		"Name": "Narendra B. Shrestha",
		"Organization": "Nepal Local Government",
		"Post": "Member",
		"Address": "Ward no. 8",
		"Phone no.": "9841475032",
		"Email": ""
	},
	{
		"S.N.": "39",
		"Photo": "",
		"Name": "Satyaram Tasiju",
		"Organization": "Nepal Local Government",
		"Post": "Member",
		"Address": "Ward no. 8",
		"Phone no.": "9851046083",
		"Email": ""
	},
	{
		"S.N.": "40",
		"Photo": "",
		"Name": "Ganesh Tyaat",
		"Organization": "Nepal Local Government",
		"Post": "Ward Chairperson",
		"Address": "Ward no. 9 ",
		"Phone no.": "9851078002",
		"Email": ""
	},
	{
		"S.N.": "41",
		"Photo": "",
		"Name": "Kamala Bharati Giri",
		"Organization": "Nepal Local Government",
		"Post": "Women Member",
		"Address": "Ward no. 9 ",
		"Phone no.": "9841848585",
		"Email": ""
	},
	{
		"S.N.": "42",
		"Photo": "",
		"Name": "Sumitra Darji",
		"Organization": "Nepal Local Government",
		"Post": "Dalit Women Member",
		"Address": "Ward no. 9 ",
		"Phone no.": "9813849947",
		"Email": ""
	},
	{
		"S.N.": "43",
		"Photo": "",
		"Name": "Krishna Ram Basukala",
		"Organization": "Nepal Local Government",
		"Post": "Member",
		"Address": "Ward no. 9 ",
		"Phone no.": "",
		"Email": ""
	},
	{
		"S.N.": "44",
		"Photo": "",
		"Name": "Bidhyapati Pwaar Thapa",
		"Organization": "Nepal Local Government",
		"Post": "Member",
		"Address": "Ward no. 9 ",
		"Phone no.": "9841543838",
		"Email": ""
	}
]