[
	{
		"S.N.": "1",
		"Photo": "",
		"Name": "Mr. Shom Mishra",
		"Organization": "Municipality",
		"Post": "",
		"Address": "Changunarayan Municipality 9 ",
		"Phone no.": "9751001744",
		"Email": ""
	},
	{
		"S.N.": "2",
		"Photo": "",
		"Name": "Ms. Bina Bastola",
		"Organization": "Municipality",
		"Post": "",
		"Address": "Changunarayan Municipality 3 ",
		"Phone no.": "9841590313",
		"Email": ""
	},
	{
		"S.N.": "3",
		"Photo": "",
		"Name": "Mr. Rajesh Khadka",
		"Organization": "Municipality",
		"Post": "",
		"Address": "Changunarayan Municipality 1",
		"Phone no.": "9851054332",
		"Email": ""
	},
	{
		"S.N.": "4",
		"Photo": "",
		"Name": "Mr. Shivhari KC",
		"Organization": "Municipality",
		"Post": "",
		"Address": "Changunarayan Municipality 2",
		"Phone no.": "9851218757",
		"Email": ""
	},
	{
		"S.N.": "5",
		"Photo": "",
		"Name": "Mr. Shyamsundar Dhimal",
		"Organization": "Municipality",
		"Post": "",
		"Address": "Changunarayan Municipality 3",
		"Phone no.": "9741087544",
		"Email": ""
	},
	{
		"S.N.": "6",
		"Photo": "",
		"Name": "Mr. Buddhilal Maharjan",
		"Organization": "Municipality",
		"Post": "",
		"Address": "Changunarayan Municipality 4",
		"Phone no.": "9841692325",
		"Email": ""
	},
	{
		"S.N.": "7",
		"Photo": "",
		"Name": "Mr. Jayandra Khadka",
		"Organization": "Municipality",
		"Post": "",
		"Address": "Changunarayan Municipality 5",
		"Phone no.": "9860025471",
		"Email": ""
	},
	{
		"S.N.": "8",
		"Photo": "",
		"Name": "Mr. Shant B. Waaiwa",
		"Organization": "Municipality",
		"Post": "",
		"Address": "Changunarayan Municipality 6",
		"Phone no.": "9841271607",
		"Email": ""
	},
	{
		"S.N.": "9",
		"Photo": "",
		"Name": "Mr. Gyaan B. KC",
		"Organization": "Municipality",
		"Post": "",
		"Address": "Changunarayan Municipality 7 ",
		"Phone no.": "9841788376",
		"Email": ""
	},
	{
		"S.N.": "10",
		"Photo": "",
		"Name": "Mr. Parasar Sapkota",
		"Organization": "Municipality",
		"Post": "",
		"Address": "Changunarayan Municipality 8",
		"Phone no.": "9851036476",
		"Email": ""
	},
	{
		"S.N.": "11",
		"Photo": "",
		"Name": "Mr. Ganesh Tyat",
		"Organization": "Municipality",
		"Post": "",
		"Address": "Changunarayan Municipality 9",
		"Phone no.": "9851078002",
		"Email": ""
	},
	{
		"S.N.": "12",
		"Photo": "",
		"Name": "Kumar Achhami",
		"Organization": "Municipality",
		"Post": "",
		"Address": "Changunarayan Municipality 2 ",
		"Phone no.": "9849344866",
		"Email": ""
	},
	{
		"S.N.": "13",
		"Photo": "",
		"Name": "Sharmila Saarki",
		"Organization": "Municipality",
		"Post": "",
		"Address": "Changunarayan Municipality 5 ",
		"Phone no.": "9849423883",
		"Email": ""
	},
	{
		"S.N.": "14",
		"Photo": "",
		"Name": "Saruna Nepali",
		"Organization": "Municipality",
		"Post": "",
		"Address": "Changunarayan Municipality 7 ",
		"Phone no.": "9843893724",
		"Email": ""
	},
	{
		"S.N.": "15",
		"Photo": "",
		"Name": "Rama Thapa",
		"Organization": "Municipality",
		"Post": "",
		"Address": "Changunarayan Municipality 3 ",
		"Phone no.": "9841987239",
		"Email": ""
	},
	{
		"S.N.": "16",
		"Photo": "",
		"Name": "Sapana Tamang",
		"Organization": "Municipality",
		"Post": "",
		"Address": "Changunarayan Municipality 4 ",
		"Phone no.": "9860171221",
		"Email": ""
	},
	{
		"S.N.": "17",
		"Photo": "",
		"Name": "Indramaya Tamang",
		"Organization": "Municipality",
		"Post": "",
		"Address": "Changunarayan Municipality 6 ",
		"Phone no.": "9818327521",
		"Email": ""
	},
	{
		"S.N.": "18",
		"Photo": "",
		"Name": "Durga Thapa Lamichhane",
		"Organization": "Municipality",
		"Post": "",
		"Address": "Changunarayan Municipality 7 ",
		"Phone no.": "9841104063",
		"Email": ""
	},
	{
		"S.N.": "19",
		"Photo": "",
		"Name": "Krishnapyaari Thapa",
		"Organization": "Municipality",
		"Post": "",
		"Address": "Changunarayan Municipality 9",
		"Phone no.": "9860117920",
		"Email": ""
	}
]