[
	{
		"SN": "1",
		"Photo": "",
		"Name": "Ms. Bina Bastola",
		"Organization": "",
		"Post": "Chairperson",
		"Address": "Changunarayan Municipality 3",
		"Phone no.": "9841590313",
		"Email": ""
	},
	{
		"SN": "2",
		"Photo": "",
		"Name": "Mr. Shivhari KC",
		"Organization": "",
		"Post": "Member",
		"Address": "Changunarayan Municipality 2",
		"Phone no.": "9851218757",
		"Email": ""
	},
	{
		"SN": "3",
		"Photo": "",
		"Name": "Durga Thapa Lamichhane",
		"Organization": "",
		"Post": "Member",
		"Address": "Changunarayan Municipality 7",
		"Phone no.": "9841104063",
		"Email": ""
	},
	{
		"SN": "4",
		"Photo": "",
		"Name": "Sharmila Sharki",
		"Organization": "",
		"Post": "Member",
		"Address": "Changunarayan Municipality 5",
		"Phone no.": "9849423883",
		"Email": ""
	},
	{
		"SN": "5",
		"Photo": "",
		"Name": "Dinesh Khanal",
		"Organization": "",
		"Post": "Member",
		"Address": "Changunarayan Municipality 4",
		"Phone no.": "98511185969",
		"Email": ""
	},
	{
		"SN": "6",
		"Photo": "",
		"Name": "Bagawati Pariyar",
		"Organization": "",
		"Post": "Member",
		"Address": "Changunarayan Municipality 8 ",
		"Phone no.": "9849989608",
		"Email": ""
	},
	{
		"SN": "7",
		"Photo": "",
		"Name": "Dharma Thapa",
		"Organization": "",
		"Post": "Member",
		"Address": "Changunarayan Municipality 3",
		"Phone no.": "9841358331",
		"Email": ""
	},
	{
		"SN": "8",
		"Photo": "",
		"Name": "Som Sharma Bajagain",
		"Organization": "",
		"Post": "Member",
		"Address": "Changunarayan Municipality 6",
		"Phone no.": "9841621088",
		"Email": ""
	},
	{
		"SN": "9",
		"Photo": "",
		"Name": "Ishwor Khadka",
		"Organization": "",
		"Post": "Member",
		"Address": "Changunarayan Municipality 9",
		"Phone no.": "9851156813",
		"Email": ""
	},
	{
		"SN": "10",
		"Photo": "",
		"Name": "Rishi Khadka",
		"Organization": "",
		"Post": "Member",
		"Address": "Changunarayan Municipality 1",
		"Phone no.": "9851133852",
		"Email": ""
	},
	{
		"SN": "11",
		"Photo": "",
		"Name": "Parshuram Pandey",
		"Organization": "",
		"Post": "Member",
		"Address": "Changunarayan Municipality 8 ",
		"Phone no.": "9841320384",
		"Email": ""
	},
	{
		"SN": "12",
		"Photo": "",
		"Name": "Shambhu Dahal",
		"Organization": "",
		"Post": "Member",
		"Address": "Changunarayan Municipality 3",
		"Phone no.": "9851089422",
		"Email": ""
	},
	{
		"SN": "13",
		"Photo": "",
		"Name": "Diwakar Poudel",
		"Organization": "",
		"Post": "Member",
		"Address": "Changunarayan Municipality 4",
		"Phone no.": "9849175570",
		"Email": ""
	},
	{
		"SN": "14",
		"Photo": "",
		"Name": "Dhan B. Lama",
		"Organization": "",
		"Post": "Member",
		"Address": "Changunarayan Municipality 6",
		"Phone no.": "9841411789",
		"Email": ""
	},
	{
		"SN": "15",
		"Photo": "",
		"Name": "Shyam Awal",
		"Organization": "",
		"Post": "Member",
		"Address": "Changunarayan Municipality 1",
		"Phone no.": "9841620036",
		"Email": ""
	},
	{
		"SN": "16",
		"Photo": "",
		"Name": "Homnath Lamichhane",
		"Organization": "",
		"Post": "Member",
		"Address": "Changunarayan Municipality 5",
		"Phone no.": "9841334773",
		"Email": ""
	},
	{
		"SN": "17",
		"Photo": "",
		"Name": "Loknath Bhusal",
		"Organization": "",
		"Post": "Member Secretary",
		"Address": "",
		"Phone no.": "9851191068",
		"Email": ""
	}
]