[
  {
    "Id": "1",
    "Photo": "",
    "Name": "Indra Lama",
    "Organization": "Nagarkot Naldum Tourist Development Committe",
    "Post": "Chairman",
    "Address": "",
    "Phone no.": "9851075570",
    "Email": ""
  },
  {
    "Id": "2",
    "Photo": "",
    "Name": "Nabin Gurung ",
    "Organization": "Nagarkot Naldum Tourist Development Committe",
    "Post": "Vice Chairman",
    "Address": "",
    "Phone no.": "9751041507",
    "Email": ""
  },
  {
    "Id": "3",
    "Photo": "",
    "Name": "Caron Dhoju ",
    "Organization": "Nagarkot Naldum Tourist Development Committe",
    "Post": "Secretory",
    "Address": "",
    "Phone no.": "9851192617",
    "Email": ""
  },
  {
    "Id": "4",
    "Photo": "",
    "Name": "Sadhuram Dhakal",
    "Organization": "Nagarkot Naldum Tourist Development Committe",
    "Post": "Treasurer",
    "Address": "",
    "Phone no.": "9841275215",
    "Email": ""
  },
  {
    "Id": "5",
    "Photo": "",
    "Name": "Gokul Sharma ",
    "Organization": "Nagarkot Naldum Tourist Development Committe",
    "Post": "Spokes Person ",
    "Address": "",
    "Phone no.": "9841327515",
    "Email": ""
  },
  {
    "Id": "6",
    "Photo": "",
    "Name": "Shyam Dhujo ",
    "Organization": "Nagarkot Naldum Tourist Development Committe",
    "Post": "Member",
    "Address": "",
    "Phone no.": "9851030135",
    "Email": ""
  },
  {
    "Id": "7",
    "Photo": "",
    "Name": "Dhana Bahadur Lama ",
    "Organization": "Nagarkot Naldum Tourist Development Committe",
    "Post": "Member",
    "Address": "",
    "Phone no.": "9841411789",
    "Email": ""
  },
  {
    "Id": "8",
    "Photo": "",
    "Name": "Raju Tamang",
    "Organization": "Nagarkot Naldum Tourist Development Committe",
    "Post": "Member",
    "Address": "",
    "Phone no.": "9851177018",
    "Email": ""
  },
  {
    "Id": "9",
    "Photo": "",
    "Name": "Asok Thapa",
    "Organization": "Nagarkot Naldum Tourist Development Committe",
    "Post": "Member",
    "Address": "",
    "Phone no.": "9851074531",
    "Email": ""
  },
  {
    "Id": "10",
    "Photo": "",
    "Name": "Bal Bahadur Tamang ",
    "Organization": "Nagarkot Naldum Tourist Development Committe",
    "Post": "Member",
    "Address": "",
    "Phone no.": "9841299242",
    "Email": ""
  },
  {
    "Id": "11",
    "Photo": "",
    "Name": "Minu Tamang ",
    "Organization": "Nagarkot Naldum Tourist Development Committe",
    "Post": "Member",
    "Address": "",
    "Phone no.": "9841394232",
    "Email": ""
  },
  {
    "Id": "12",
    "Photo": "",
    "Name": "Pradip Adhikari ",
    "Organization": "Nagarkot Naldum Tourist Development Committe",
    "Post": "Member",
    "Address": "",
    "Phone no.": "9856043088",
    "Email": ""
  },
  {
    "Id": "13",
    "Photo": "",
    "Name": "Ajay Tamang",
    "Organization": "Nagarkot Naldum Tourist Development Committe",
    "Post": "Member",
    "Address": "",
    "Phone no.": "9851152244",
    "Email": ""
  },
  {
    "Id": "14",
    "Photo": "",
    "Name": "Yogendra Shakya",
    "Organization": "Nagarkot Naldum Tourist Development Committe",
    "Post": "Advisor",
    "Address": "",
    "Phone no.": "",
    "Email": ""
  },
  {
    "Id": "15",
    "Photo": "",
    "Name": "Radha Krishna Bastakoti",
    "Organization": "Nagarkot Naldum Tourist Development Committe",
    "Post": "Advisor",
    "Address": "",
    "Phone no.": "9851029687",
    "Email": ""
  },
  {
    "Id": "16",
    "Photo": "",
    "Name": "Ram Sankar Dhoju",
    "Organization": "Nagarkot Naldum Tourist Development Committe",
    "Post": "Advisor",
    "Address": "",
    "Phone no.": "9851010575",
    "Email": ""
  },
  {
    "Id": "17",
    "Photo": "",
    "Name": "Shyam Kayastha",
    "Organization": "Nagarkot Naldum Tourist Development Committe",
    "Post": "Advisor",
    "Address": "",
    "Phone no.": "9751011525",
    "Email": ""
  },
  {
    "Id": "18",
    "Photo": "",
    "Name": "Badri Makaju",
    "Organization": "Nagarkot Naldum Tourist Development Committe",
    "Post": "Advisor",
    "Address": "",
    "Phone no.": "9851043518",
    "Email": ""
  }
]